operator,num_of_crashes
Aeroflot,225
" Air Force",143
Air France,71
Deutsche Lufthansa,63
" Army Air Forces",44
United Air Lines,44
Pan American World Airways,41
China National Aviation Corporation,38
American Airlines,37
US Aerial Mail Service,35
Indian Airlines,34
KLM Royal Dutch Airlines,34
Philippine Air Lines,33
Royal Air Force,32
Private,31
" Navy",30
British Overseas Airways,29
AVIANCA,27
" Army",27
Eastern Air Lines,25
Northwest Orient Airlines,25
Sabena,24
Aeropostale,24
Imperial Airways,23
Military -Royal Air Force,22
VASP,20
British European Airways,19
Merpati Nusantara Airlines,18
Indian Air Force,18
Garuda Indonesia Airlines,18
Trans Continental and Western Air,18
Trans World Airlines,17
Russian Air Force,17
Varig,17
Pakistan International Airlines,16
Mexicana,16
Linea Aeropostal Venezolana,15
German Navy,15
Ceskoslovenske Aerolinie,15
Afghan Republican Air Force,15
Air Taxi,14
China Airlines (Taiwan),14
Ethiopian Airlines,14
Cruzeiro,14
Cubana de Aviacion,13
Qantas,13
Turkish Airlines (THY),13
Soviet Air Force,13
Tarom,12
SATENA,12
Panair do Brasil,12
Delta Air Lines,12
Iberia Airlines,12
Aerolineas Argentinas,12
" Marine Corps",12
Air Vietnam (South Vietnam),11
Canadian Pacific Air Lines,11
Burma Airways,11
Air Union,11
Flying Tiger Line,11
LOT Polish Airlines,11
Swissair,11
TACA,10
United Arab Airlines,10
Royal Australian Air Force,10
Korean Airlines,10
Faucett,10
Balkan Bulgarian Airlines,10
Brazilian Air Force,10
Braniff Airlines,10
Air India,10
Air America,9
Alaska Airlines,9
British Airways,9
Charter,9
Alitalia,9
American Airways,9
Ariana Afghan Airlines,9
Grands Express Aeriens,9
Egyptair,9
Japan Air Lines,9
Lloyd Aereo Boliviano,9
Western Airlines,9
Varney Air Lines,8
Royal Nepal Airlines,8
Philippine Air Force,8
National Air Transport,8
National Airlines,8
JAT Yugoslav Airlines,8
Iran Air,8
Continental Airlines,8
Australian National Airways,8
CAAC,8
Capital Airlines,7
Avensa,7
Aviaco,7
Angolan Air Force,7
Ala Littoria,7
French Air Force,7
Indonesian Air Force,7
Kalinga Airlines,7
Misrair,7
Lufthansa,7
Malev Hungarian Airlines,7
Royal Canadian Air Force,7
REAL,7
Thai Airways,7
Trans Canada Air Lines,7
TAM (Bolivia),7
Sri Lanka Air Force,7
US Air Force,7
Slick Airways,6
South African Airways,6
TAM (Brazil),6
TAME,6
Private charter,6
Saudi Arabian Airlines,6
Scandinavian Airlines (SAS),6
Pacific Air Transport,6
Pakistan Air Force,6
Iranian Air Force,6
Far Eastern Air Transport,6
Fuerza AÃƒÂ©rea del Peru,6
Colonial Air Transport,6
Air Algerie,6
Air Canada,6
All Nippon Airways,6
Allegheny Airlines,6
Boeing Air Transport,6
CIDNA,6
British South American Airways,6
Chinese Air Force,5
Cathay Pacific Airways,5
BOAC,5
Aviateca,5
Austral Lineas Aeras (Argentina),5
Aigle Azur,5
Air Orient,5
Aero Transporti Italiani,5
Aerosucre Colombia,5
Civil Air Transport,5
Formosa Airlines,5
LAN,5
LANSA,5
Linee Aeree Italiane,5
Pan American Airways,5
Pelita Air Service,5
New Zealand National Airways,5
Northeast Airlines,5
Royal Thai Air Force,5
Transocean Air Lines,5
Trigana Air Service,5
Syndicato Condor,5
TAAG Angola Airlines,5
Sudan Airways,5
Vietnamese Air Force,5
US Navy,4
USAir,4
Wideroe's Flyveselksap,4
TABA,4
Spantax,4
Union of Burma Airways,4
Talair,4
Trans Mediterranean Airways,4
SAETA,4
Nigeria Airways,4
Mexican Air Force,4
Pacific Coastal Airlines,4
Nicaraguan Air Force,4
Olympic Airways,4
Pennsylvania Central Airlines,4
Pan American Grace Airways,4
Petroleum Helicopter,4
Pacific Western Airlines,4
Loganair,4
Malaysia Airlines,4
Middle East Airlines,4
Mohawk Airlines,4
Mongolian Airlines,4
Myanmar Airways,4
Latecoere Airlines,4
LATI,4
German Army,4
Interflug,4
Itavia,4
Dan Air Services,4
Egyptian Air Force,4
Deccan Airways,4
Ethiopian Air Force,4
Devlet Hava Yollari,4
Dirgantara Air Services,4
Aeroput,4
Aeromexico,4
Aeronaves de Mexico,4
AB Aerotransport,4
Aero O-Y,4
American Eagle,4
Alia Royal Jordanian Airlines,4
Ansett ANA,4
Argentine Air Force,4
Cameroon Airlines,4
China Eastern Airlines,4
Cambodia Air,3
Chilean Air Force,3
Comair,3
Central African Airways,3
Central Mountain Air Services,3
Bristow Helicopters,3
Bolivian Air Force,3
Asiana Airlines,3
Algerian Air Force,3
Atlantic Southeast Airlines,3
Avio Linee Italiane,3
Boeing Aircraft Company,3
Azerbaijan Airlines,3
Bakhtar Afghan Airlines,3
ACES Colombia,3
Aeronica,3
Aerolineas TAO,3
Aeropesca Colombia,3
Aaxico Airlines,3
Aeroflot / Aeroflot,3
Air Littoral,3
Air Madagascar,3
Air New Zealand,3
Ala Littoria SA,3
AIRES Colombia,3
Aerotaca,3
Air Inter,3
Air Manila,3
El Al,3
Deruluft,3
Continental Air Lines,3
French Naval Aviation,3
Flota AÃƒÂ©rea Mercante Argentina,3
Fuerza AÃƒÂ©rea Argentina,3
Icelandair,3
Indamer,3
Guinea Airways,3
Islamic Republic of Iran Air Force,3
Lignes Aeriennes Latecoere,3
KNILM,3
Missionary Aviation Fellowship,3
Milne Bay Air,3
MAP,3
Maritime Central Airways,3
Lanica,3
Lloyd AÃƒÂ©reo Boliviano,3
Loide AÃƒÂ©reo Nacional,3
Lion Air,3
Lineas AÃƒÂ©reas La Urraca,3
Panagra,3
Piedmont Airlines,3
Peruvian Air Force,3
New York Airways,3
Nordeste Linhas AÃƒÂ©reas,3
Sahsa Airlines,3
Russian Navy,3
SCADTA,3
Scottish Airlines,3
Prinair,3
Royal Air Maroc,3
Royal Indian Air Force,3
Republic of China Air Force,3
Trans Australia Airlines,3
TAM Lineas AÃƒÂ©reas Regional,3
Taiwan Airlines,3
Sudan Air Force,3
Tajikistan Airlines,3
Union des Transportes Aeriens,3
Union Aeromaritime de Transport,3
Transbrasil,3
Southwest Airlines,3
Somali Airlines,3
SELVA,3
Yeti Airlines,3
Zairean Air Force,3
Zantop Air Transport,3
Western Air Express,3
West Coast Airlines,3
World Airways,3
Wuhan Airlines,2
Wien Consolidated Airlines,2
Wiggins Airways,2
Venezuelan Air Force,2
Venezuelan Army,2
Vieques Air Link,2
Vietnam Airlines,2
Western Canada Airways,2
West Caribbean Airways,2
Wheeler Airlines,2
Zambian Air Force,2
Yemen Airlines,2
US Army,2
Uzbekistan Airways,2
Universal Jet Aviation,2
United Air Lines / Trans World Airlines,2
United Airways,2
United States Air Force,2
United States Army Air Force,2
United States Navy,2
Universal Airlines,2
USAF,2
Vanair,2
Vayudoot,2
Venezuelan Navy,2
VOTEC,2
Servivensa,2
Silver City Airways,2
Service Air,2
Sociedad Aeronautica Medellin,2
Senegalair,2
Skypower Express Airways,2
Sibir Airlines,2
Skyline Airways,2
Skyways,2
Skyways of London,2
Solomon Islands Airlines,2
South African Air Force,2
Southern Airways,2
Southwest Air,2
Sterling Airways,2
Syrian Airways,2
TAESA,2
Sudanese Air Force,2
Transafrik,2
Transair Georgia Airlines,2
Transamerica Airlines,2
Transportes AÃƒÂ©reos Mexicanos,2
Union Airways,2
Transasia Airways,2
Union of Burma Air Force,2
Ukraine Air Force,2
TAME Ecuador,2
TAN,2
TAO,2
Taxader Airlines,2
Trans Continental Air Transport,2
Trans Service Airlift,2
Trans World Airlines / Private,2
Trans Guyana Airways,2
Tara Air,2
Tigres Voladores,2
Tracep,2
Republic of South Korea Air Force,2
Riddle Airlines,2
Royal Jordanian Air Force,2
Royal Nepalese Air Force,2
Royal Air Lao,2
Royal Belgian Air Force,2
Royal British Navy,2
Rapid Air Transport,2
Polish Air Force,2
Quebecair,2
Queen Charlotte Airlines,2
Queensland Airlines,2
Regina Cargo Airlines,2
Polynesian Airlines,2
Portuguese Air Force,2
SAVCO,2
Savanair,2
Saturn Airways,2
Sakha Airlines,2
Salair,2
SATA,2
SATCO,2
SAM Colombia,2
Saha Airline Services,2
Royal Saudi Air Force,2
Russian,2
Sabah Air,2
Sabang Merauke Raya Air Charter,2
New Tribes Mission,2
National Air Cargo,2
Nigerian Air Force,2
Pacific Air Lines,2
Orient Airways,2
Northwest Airlink,2
Norwegian Airlines,2
Pan American Grace Airlines,2
Piedmont Airlines / Private,2
Pilgrim Airlines,2
Philippine Aerotransport,2
Pacific Southwest Airlines,2
Pacific Western,2
Pakistan Army,2
Pan African Air Charter,2
Paraense Transportes AÃƒÂ©reos,2
Lineas Aereas del Estado,2
Lineas AÃƒÂ©reas Nacionales,2
Lineas Aereas Nacionales SA (Peru),2
Loide Aereo Nacional,2
Los Angeles Airways,2
Malu Aviation,2
Mandala Airlines,2
Mauritanian Air Force,2
Martinair Holland NV,2
Loftleidir Icelandic Airlines,2
Merpati Nasantara Airlines,2
MK Airlines,2
Miami Airlines,2
Mozambique Air Force,2
Kenya Airways,2
LAC Colombia,2
LARES,2
Las Vegas Airlines,2
Italian Air Force,2
Korean Air,2
Lao Aviation,2
LAN Chile,2
Kodiak Airways,2
Indian National Airlines,2
Iranian Revolutionary Guard Corps Air Force,2
Iran Air Tours,2
Jamair,2
Island Airways,2
Jersey Airways,2
Jett Paqueteria SA,2
Japan Maritime Self Defense Force,2
Juba Air Cargo,2
Karibu Airways,2
Grand Canyon Airlines,2
General Airways,2
Georgian Air Force,2
Gulf Air,2
Hewa Bora Airways,2
Imperial Iranian Air Force,2
Holymans Airways,2
Honduran Air Force,2
Hageland Aviation Services,2
Hunting Air Travel,2
Fuerza AÃƒÂ©rea Colombiana,2
Handley Page Transport,2
FedEx,2
Finnair,2
First Air,2
Federal Express,2
Frontier Airlines,2
Fuerza Aerea Colombiana,2
China Southwest Airlines,2
Crossair,2
Cubana de Aviacon,2
Congolese Air Force,2
Colonial Western Airlines,2
CNAC,2
CORAL Colombia,2
Cordova Airlines,2
Emery Worldwide,2
East African Airways,2
Expresso AÃƒÂ©reo,2
Djibouti Airlines,2
Eastern Air Transport,2
Eastern Provincial Airways,2
Douglas Airways,2
Downeast Airlines,2
DTA Angola Airlines,2
Eagle Aviation,2
Air Manitoba,2
Air Freight New Zealand,2
Air Cargo Carriers,2
Air Guadeloupe,2
Agencia Interamericana de Aviada,2
Air Atlas,2
Aerovias Brasil,2
Afghan Army,2
Air Afrique,2
Air Charter,2
Airfast Indonesia,2
Airfast Services,2
Airborne Express,2
Airlink,2
AirNow,2
Alada,2
Air Logistics,2
Air Rhodesia,2
Air Nautic,2
Air Transport,2
Air Mali,2
Air Transport Charter,2
Aerocon,2
Aerolineas Abaroa,2
Aerolineas Centrales de Colombia,2
Aerocaribe,2
Aerolift,2
Aerovias Contreras,2
Aeronorte Colombia,2
Aeroperlas,2
Aerolineas Flecha Austral,2
A B Aerotransport,2
ADC Airlines,2
Aden Airways,2
ADES Colombia,2
Aer Lingus,2
Aero Service,2
Aereo el Venado,2
" Army Air Corps",2
Austin Airways,2
Aviastar Mandiri,2
Azerbaijan Air Force,2
Bali International Air Service,2
Belgian Air Force,2
ATI,2
Autrex,2
AREA,2
American International Airways,2
Antilles Air,2
Associated Airways,2
Alyemda,2
Ameriflight,2
Ameristar Jet Charter,2
Airlines of Australia,2
Boston Airlines,2
Bouraq Indonesia Airlines,2
Braathens,2
Braniff Airways,2
Britannia Airways,2
British Eagle International Airlines,2
British Midland Airways,2
Capitol Airways,2
Chicago and Southern Airlines,2
Central Air Transport,2
CeskoslovenskÃƒÂ© Aerolinie,2
China Northern Airlines,2
China Northwest Airlines,2
China Southern Airlines,2
China Southern Airlines / Xiamen Airlines,1
Cia Brasiliera de Tratores,1
Cie Air Transport,1
Cie des Messageries Aeriennes,1
China Airlines,1
China Flying Dragon Aviation (Feilong Airlines),1
China General Aviation Corporation,1
Commercial Air Taxi,1
Commercial Airways,1
Commercial Airways (Comair),1
Communicaciones Aereos de veracruz,1
CompaÃƒÂ±ia Colombiana de NavegaciÃƒÂ³n AÃƒÂ©rea,1
Compagnie Africaine d' Aviation (CAA)Ã‚Â ,1
Compagnie Air Transport,1
Compagnie Franco-Roumaine de Navigaation Aerienne,1
Compagnie Internationale de Navigation AÃƒÂ©rienne,1
Compagnie Sila,1
Compania de Aviacion Faucett SA (Peru),1
Compania Dominicana de Aviacion,1
Compania Mexicana de Aviacion,1
Comvac Aviation,1
Condor Flugdienst,1
Congo Airline,1
Central Airlines,1
Central American Airways,1
Central Air,1
Central Air Services,1
Cathy Pacific,1
CCCP,1
Cebu Pacific Air,1
Centrafricain Airlines,1
Central  Airlines (Universal Aviation Corporation),1
Campagnie France Roumaine,1
Canadian Colonial Airways,1
British Overseas Airways /Qantas,1
Capitol Airlines,1
Canair Cargo,1
Canairelief Air,1
Chicago Helicopter Airways,1
Chicago Southern Airlines,1
Chicago-Detroit Airways,1
Charter -Federal Electricity Commission,1
Chelan Air Service,1
Cheremshanka Airlines,1
Centurian Air Cargo,1
Century Air Lines,1
Century Pacific Lines,1
Cessnyca,1
Chadian Air Force,1
Chalk's International Airlines,1
Chalk's Ocean Airways,1
Chamberlin Flying Service,1
Channel Express,1
Caproni Company,1
Carga Aereo Transportada,1
Carga del Caribe,1
Cargo,1
Cargo Three Panama,1
Cargolux,1
Carib Air Transport,1
Caribbean Airlines,1
Caribbean International Airways,1
Carvair ATL-98,1
Cascade Airways,1
Caspian Airlines,1
Castle Aviation,1
CATA,1
CATA Linea Aerea,1
Catalina Airlines,1
CATC,1
British International Helicopters,1
Business Air Connection,1
Business Jet Services,1
By Air,1
CAAK,1
Cable Commuter,1
Cabo Verde Airlines,1
Calair,1
Caledonian Airways,1
California Air Freight,1
California Air National Guard,1
California Aircraft,1
CAMBA,1
Britavia,1
British,1
British Air Ministry,1
British Aircraft Corporation,1
British Airtours,1
British Airways Helicopters,1
British Columbia Airways,1
British Commonwealth Pacific Airlines,1
British United Airways,1
British World Airways,1
Britt Airways,1
Bruning Aviation,1
Buddha Air,1
Buffalo Narrows Airways,1
Bulair TABSO,1
Bulgarian,1
Burke Air Transport,1
Burlington Air Express,1
Burma Air Force,1
Brit Air,1
Brazilian Helicopter Service  Air Taxi,1
Brazilian Helicopter Service Air Taxi,1
Brazilian Helicopter Services,1
Bremerton-Seattle Air Taxi / Gorst Air Lines,1
Bristop Aeroplane Company,1
Branch River Air Service,1
Bourag Indonesia Airlines,1
Bombardier Aerospace,1
Bonanza Airlines,1
Bond Offshore Helicopters,1
Borneo Airways,1
Airlines of PNG,1
Air US / Private,1
All Nippon Airways /  Japanese Air Force,1
All West Freight,1
Allegheny Airlines / Forth Corporation,1
Alliance Airlines,1
Allied Air,1
Allied Air Freight,1
Allied Services LimitedÃ‚Â ,1
Aloha Airlines,1
Aloha Island Air,1
Alpa Servicios AÃƒÂ©reos,1
Alpha Airways,1
Alpine Adventures,1
ANDESA,1
Angara Airlines,1
Angel Flight,1
Angola Air Charter,1
Angolan  Air Force,1
American Export Airlines,1
American Express Leasing,1
American Flyers Airline,1
Alyemda Airlines,1
Amazonese Importacao e Exportacao,1
Ambler Air Service,1
Amee de l'Air,1
ALIANSA Colombia,1
Alisansa Colombia,1
American Airlines / Private,1
Associated Aviation,1
Associated Aviators,1
Astro Air Taxi,1
Aspring Air,1
Associated Air Transport,1
Aria Airlines,1
ArmÃƒÂ©e de l'Air Malgache,1
Armavia,1
Army Air Force,1
Arrow Airlines,1
Arrow Airways,1
Arsenyev Aviation Production Association,1
ARTOP Aerotopografica LDA,1
Asa Pesada,1
Ashland Oil Company,1
Asian Spirit,1
APRL,1
Aquilla Airways,1
Arall,1
Aramar,1
Aramco Associated Company,1
Ararat Avia,1
Arax Airlines,1
Aray-Avia,1
Archana Airlines,1
Archipelagos Service Aereos,1
Arctic Circle Air Service,1
Arctic Pacific,1
Arctic Sunwest Charters,1
Arctic Wings & Rotors,1
American Jet,1
American Overseas Airlines,1
Angolan Armed Forces,1
Ansett Airlines of Papua New Guinea,1
Ansett New Zealand,1
Antillean Airlines,1
AV Air / American Eagle,1
Avalki Air,1
Avesca Colombia,1
Australian Aerial Services,1
Australian Army Aviation,1
Austria-Flugdienst,1
Austrian Airlines,1
ATI Aircompany,1
Atlantic Airlines,1
Atlantic Airways,1
Atlantic Central Airlines,1
Atlantic City Airlines,1
Atlantic Coast Airlines (United Express),1
Atlas Air serving AmazonÃ‚Â ,1
Atlasjet Airlines,1
Atran,1
Aurukun Air Services,1
Avio Linee Italiane Avio Linee Italiane,1
Aviogenex (Yugoslavia),1
Avion Airways,1
Avirex,1
Avis Amur,1
AVISPA,1
Avistar MandariÃ‚Â ,1
Avisto,1
Avtex Air Services,1
AZAL Cargo Company,1
Aviation Development Corporation,1
Aviation Enterprises,1
Avicsa,1
Avient Aviation,1
Aviaco Condor,1
Aviaimpex (Macedonia),1
AVIANCA / AVIANCA,1
Belgian International Air Services,1
Bellview Airlines,1
Bharat Airways,1
Bhoja Airlines,1
Bimini Airways,1
Binter MediterrÃƒÂ¡neo,1
BKS Air Transport,1
Blue Bird Air Service,1
Blue Bird Aviation,1
Blue Hawaiian Helicopter,1
Blue Hawaiian Helicopters,1
Blue Water Aviation Services,1
Blue Wing Airlines,1
Blue Wings Airlines,1
Boeing KC-135E,1
Bodensee Aerolloyd,1
Bako Air,1
BAL Bremerhaven Airline,1
Balair,1
Azerbaijani Airlines,1
Azzi,1
BAFIN,1
Baikal Air,1
Bangkok Airlines,1
Bangkok Airways,1
Bangladesh Biman,1
Bankair,1
Bar Harbor Airlines,1
Bashkirian Airlines / DHL Worldwide Express,1
Bavaria Flug,1
Bay of Plenty Airways,1
Bazair,1
Bearskin Airlines,1
Bearskin Airlines / Air Sandy,1
" Army Air Force",1
" Airforce",1
" Airlines  PNG",1
" (Canada)",1
" (leased from Eminex)",1
" AÃƒÂ©reas de Veracruz",1
" AÃƒÂ©riens d'ExtrÃƒÂªme Orient",1
" Aeronautica de Transportes",1
" Aeroservizi",1
" Army Air Service",1
" Brasileira",1
" British American Air Services",1
" charter",1
" Congolese Army Charter",1
" de la Direccion General de Ados",1
" Government (leased)",1
" HeliCusco",1
" Intercontinentaux",1
" Intercontinentaux (France)",1
" Israel Air Force",1
" Libya Air Force",1
" LTD",1
Ababeel Aviaition,1
Abakan Airlines,1
Aca-Ancargo,1
Ace Air Cargo,1
" Marines",1
" McKinley Airfreight",1
" Misson",1
" Navy / NASA",1
" Overseas Airways",1
" SocietÃƒÂ  Aerea Mediterranea",1
" Tropicaux",1
" US Navy",1
" UTair Charter",1
",  (Air Indiana)",1
", Washington AW",1
46826/109,1
Aerevias Centrales Air Service,1
Aerflot,1
Aerial Transit Company,1
Aero Air,1
Aero Brasil,1
Aero Cargo,1
Aero Club Libya,1
Aero Condor,1
Aero Cozumel,1
Aero Ejecutivos,1
Aero Eslava,1
Aero Ferinco Charter,1
Aero Fret Business,1
Aero Holland,1
Aero Jet Express,1
Aero Limited,1
Aero Mayflower Transit Co,1
Aero Sudpacifico,1
Aero Taxis Equatorianos,1
Aero Trans Corp,1
Aero Transportes,1
Aer Turas,1
Aeralpi,1
Aero Peru,1
Advance Airlines,1
Adventure Airlines,1
AE Aviation,1
AECA Cargo,1
AÃƒÂ©ropro,1
Adam Air,1
Aerolineas La Gaviola,1
Aerolineas Litoral Argentina,1
Aerolineas Nacionales,1
Aeromexico / Private,1
Aeromist-Kharkiv,1
Aeronautical Explotiation,1
Aeroperu,1
Aeropeca,1
Aeronor Chile,1
Aeronorte,1
Aeronaves de Panama,1
Aeronaves del Peru,1
Aerovias Cuba International,1
Aerovias de Guatemala SA,1
Aerovias del Norte,1
Aerovias del Valle,1
Aerovias Guest,1
Aerovias Halcon,1
Aerovias Rojas,1
Aerovias Urraca,1
Aerovias Venezolanas SA (Venezuela),1
ÃƒÂ¨koda (India) Ltd,1
Aerosweet Airlines (LVOV),1
Aeroservice International,1
Aeroservicios,1
Aeroservicios Empresariales de Durango,1
Aerolift Philippines,1
Aerochasqui,1
Aerocom,1
Aero Tropical,1
Aerocalifornia,1
Aerocaribbean,1
Aerolineas Condor,1
Aerolineas Cuahonte,1
Aerolineas El Salvador,1
Aerolineas Argo,1
Aerocondor,1
Aerocondor Colombia,1
Aerocondor de Colombia,1
Aerocosta Colombia,1
Aeroejecutivos Colombia,1
Aeroespresso,1
Aeroextra,1
Aeroflot / Kazakhstan,1
Aeroflot / Soviet Air Force,1
Aeroflot Russian International Airlines,1
Aeroflot Russian International Airways,1
Aerogulf,1
Aerolatino (Aerocaribe),1
Aeroleo Taxi Aereo,1
Air Transport Associates,1
Air West,1
Air Wisconsin,1
AirAsia,1
Airblue,1
Air New England,1
Air Transat,1
Air Outremer,1
Air Outre-Mer,1
Air Philippines,1
Air Rouergue,1
Air SÃƒÂ£o TomÃƒÂ©,1
Air Satellite,1
Air Senegal,1
Air Senegal / Gambia Airways,1
Air Services,1
Air Sirin,1
Air South,1
Air Sunshine,1
Air Tahiti,1
Air Tahoma,1
Air Taroma,1
Air Luxor,1
Air Malawi,1
Air Niugini,1
Air North,1
Air Ocean,1
Air Ontario,1
Alamo Airways,1
Alantis Aviation,1
Alas Chiricanas,1
Alas del Sur,1
"Alas Nacionales, leased from Birgen Air",1
Alaska Aeronautical Industries,1
Alaska Central Express,1
Alaska Coastal Airlines,1
Alaska International Air,1
Alaska Travel,1
Alaska-Washington Airways,1
ALFA,1
Alfa Airlines,1
Airtech Rajawaldi Udara,1
Airwave Transport,1
Airways,1
AirWest Airlines,1
Airwork,1
Airwork NZ,1
AKF Polet,1
Akhal Air,1
Ala Littolia,1
Airborne Freight Company Union,1
Airborne Transport,1
Airbus Industrie,1
Aircraft Charter Group Inc,1
Aircraft Transport and Travel,1
Aircraft Travel Transport,1
Air-Lift Commuter,1
Airline PNG,1
Airline Transport,1
Airline Transport Carriers,1
Air China,1
Air Comores,1
Air Congo,1
Air Congo (BIAS)?,1
Air Continental,1
Air Cush,1
Air East,1
Air Evac Lifeteam,1
Air Ferry Ltd,1
Air Fiji,1
Air Fiordland,1
Air Flamence,1
Air Florida,1
Air Force of the Democratic Republic of the Congo,1
Aerovias Condor,1
Air Bagan,1
Air Bissau,1
Air Bleu,1
Air Cameroon,1
Agni Air,1
Agni AirÃ‚Â ,1
AIDA,1
Air  Mali,1
Air 70,1
Air Adventures New Zealand Ltd,1
Air Affaires Gabon,1
Aerotaxi,1
Aerotaxi Manaus,1
Aerotechnia,1
Aerotransportes Petroleros,1
Aero-Tropics,1
Aerovanguardia,1
Africa One Congo,1
African Air,1
African Commuter Services,1
Afriqiyah Airways,1
Agco Corp,1
Air Guinee,1
Air Haiti International,1
Air Hawaii,1
Air Illinois,1
Air Carriers,1
Air Carriers Express Services Inc,1
Air India Express,1
Air GaspÃƒÂ©,1
Air Global,1
Air Caraibes,1
Air Amercia,1
Air Martinique,1
Air Mauritanie,1
Air Melanesie,1
Air Memphis,1
Air Methods / Classic Helicopters,1
Air Moorea,1
Air National Guard,1
Air Ivoire,1
Air Ivorie,1
Air Jordan,1
Air Karibu,1
Air Kasai,1
Air Lanka,1
Air Laos,1
Air Liberia,1
Eagle Cap Leasing,1
Eagle Commuter,1
EAS Airlines (Executive Airline Services),1
Duncan Aircraft Sales,1
Dutch Continental Airways,1
Dutch Dakota Association,1
Eagle Air,1
Ecuador Army,1
Ecuadorean Air Force,1
Ecuadorian Air Force,1
Ecuatair,1
Ecuato Guineana de Aviacion,1
Edde Airlines,1
EDELCA,1
Edwin Ortiz,1
DNL Norwegian Air Lines,1
Dodita Air Cargo,1
Dominicana,1
Dominion Air Lines,1
Don Everall Aviation,1
Dostum-Galboddin Militia,1
Douglas Aircraft,1
Douglas Aircraft Company,1
Divi Divi Air,1
Dirgantara Air Service,1
Deutsche Luftwaffe,1
Deutsche Zeppelin Reederei,1
Devlet Hava Yollairi,1
Fairways (Filipinas Orient Airways),1
Falcon Aviation Group,1
FAMA (Argentina),1
FANA Forca Aerea Nacional Angolana,1
Far East Aviation,1
East Coast Jets,1
East Provincial Airways,1
Eurasia,1
Euro Asia Aviation,1
Eurojet Italila,1
Europe Aero Service EAS,1
Everest Air,1
Evergreen International Airlines,1
Evolga,1
Executive Airlines,1
Executive Funds,1
Emirates,1
Emirates Air Transport,1
Empire Airlines leased from FedEx,1
Empresa Aviacion del Pacifico,1
Empresa Transportes AÃƒÂ©reos,1
EMS,1
Enimex,1
ERA Helicopter,1
ETA Air Charter,1
El Magal Aviation,1
El Salvador Air Force,1
El Venado,1
Elbee Airlines,1
Embry Riddle Company,1
Eitos,1
EjÃƒÂ©rcito del Aire,1
Ejercito del Aire,1
Corporacion Boliviano de Fomento,1
Corporate,1
Corporate Airlines (American Connection),1
Corrieri Aerei Militari,1
Costal Aviation,1
Cougar Helicopters,1
Cross Airways,1
Continental Charters,1
Continental Connection/Colgan Air,1
Continental Express,1
Continentale Deutsche Luftreederei,1
Conviasa,1
ConviasaÃ‚Â Airline,1
Cooper Skybird Air Charters,1
COPA (Panama),1
Copterline,1
Coastal Air Lines,1
Coastal Cargo,1
COHATA,1
Colombia Air Force,1
Colombian Air Force,1
Colombian Army,1
Colombian government,1
Columbia Air Cargo,1
Columbia Pacific Airlines,1
Connair,1
Classic Wings,1
Cunard Eagle Airways,1
Currey Air Transport,1
Custom Air Service,1
Czech Airlines,1
Czechoslovak Airlinex,1
Daallo Airlines,1
Daewoo Shipbuilding,1
Dagestan Airlines,1
Dai Nippon,1
Daimler Airways,1
Daimler Airways / Grands Express Aeriens,1
Dalmia Jain Airways,1
Continental Air Transport,1
Cruzeiro Do Sud,1
Cruzeiro do Sul,1
CSA Czech Airlines,1
CTA Languedoc Roussillon,1
Cuban Air Force,1
Cubana (leased from Global Air),1
Det Danske Luftfartselskab,1
DETA,1
Deutche Lufthansa,1
Deutsche Flugdienst,1
Delta Air Lines/ North Central Airlines,1
Den Norske Luftfartskole,1
Deraps Aviation,1
Derby Aviation,1
Dana Air,1
Dan-Air Services,1
Darbhanga Aviation,1
DDL,1
de Havilland Air Service,1
de Havilland Aircraft,1
de Havilland Dove,1
Fuerza Aerea Mexicana,1
Fuerza Area Angolaise,1
Fuerza Del Peru,1
Fuji Airlines,1
Fujita Koku Kabushki Kai,1
Full Account,1
Gabon Express,1
Galaxy Airlines,1
Galaxy Kavatsi Airlines,1
Gambcrest,1
Gander Aviation,1
Garamut Aviation,1
Garuda  Indonesia Airlines / Garuda Indonesia Airlines,1
Frontier Flying Service,1
Federal Nigerian Air Force,1
Fragtflug,1
Franco-Roumaine,1
Fred Olsen Flyveselskap,1
Freedom International,1
Germanwings,1
Ghana Airlink,1
Ghana Airways,1
Ginger Coote Airways,1
GLM Aviation,1
Global Executive Aviation,1
Globe Air,1
Gol Airlines / Private,1
Golden Star Air Cargo,1
Golden West Airlines / Private,1
Goose Bay Air Services,1
Gor'ky Eskadril'ya,1
Goroka Air Services,1
Government of Equatorial Guinea,1
Government of Macedonia,1
Government of Mozambique,1
Flash Air,1
Fleming Airways System Transport,1
Fleming International Airways,1
Flight Service,1
Flightline,1
Florida Army National Guard,1
Florida Commuter Airlines,1
Fiji Air,1
Fiji Air Services,1
Filair,1
Filipinas Orient Airways,1
Fine Air,1
Finish Air Force,1
Faraz Qeshm Airlines,1
Farnair Hungary,1
Federal Airlines,1
Flugefelag,1
Fly 540,1
Fly Jamaica Airways,1
Fly Montserrat,1
Flying W Airways,1
Flyve Tjenesten,1
ForÃƒÂ§a AÃƒÂ©rea Brasileira,1
ForÃƒÂ§a AÃƒÂ©rea Portuguesa,1
Force AÃƒÂ©rienne ZaÃƒÂ¯roise,1
Force Area Populaire de Angola,1
French Navy,1
Frigorifico Cooperativo Los Andes,1
Frigorifico Maniqui,1
Frigorifico Reyes,1
Frigorifico Santa Rita,1
Frontier Air,1
Hang Khong (Vietnam),1
Harbour Air,1
Hargreaves Airways,1
Harka Air Services,1
Harrington's Inc,1
Hati Express,1
Heart of Texas Hot Air Balloon Rides,1
Heavylift Cargo Airlines,1
Helaire Helicopter,1
Heliandes,1
Helicol Colombia,1
Helicopteros Nacionales de Colombia,1
Helicopters Inc / KOMO TV,1
Helicsa,1
Helikopter Service,1
Helios Airways,1
Heli-USA Airways,1
Hellenic Air Force,1
Henan Airlines,1
Herfurtner Company,1
Heringer Air Taxi,1
Heringer Taxi Aero,1
Hevlift,1
Fuerza AÃƒÂ©rea de Chile,1
GAS Air,1
General Air,1
Fuerza AÃƒÂ©rea Nicaragua,1
Fuerza AÃƒÂ©rea Panamena,1
Fuerza AÃƒÂ©rea Uruguaya,1
Grands Express Aeriens (Air Union),1
Great Lakes Business Complany,1
Great Western and Southern Air Lines,1
Greek Air Force,1
Greek Army,1
Greek Government,1
Greylock Airways / Private,1
GT Air,1
Guardia Nacional de Venezuela,1
Guatemalan Air Force,1
Guernsey Airways,1
Guicango,1
Guiena Airways,1
Huron Air,1
IAS Cargo,1
Hamilton Aviation,1
Horizon Properties,1
Hornbill Airways,1
Hoseba,1
Houston Metro Airlines,1
Hunter Airways,1
Inair Panama,1
Independent Air Travel,1
Illegal flight,1
Iberia Airlines / Aviaco,1
Ibertrans AÃƒÂ©rea,1
Hibiscus Air,1
Hillman's Airways,1
HiTech Helicopters,1
Holdens Air Transport Service,1
Holmstoem Air,1
Holyman Airways,1
Gulf Aviation (Kalinga Airways),1
Gum Air Charter,1
Guyana Airways,1
HaÃƒÂ¯ti Air Inter,1
German Air National Guard,1
Georgian Air,1
Grand Canyon Airlines / Helitech,1
Guinea Airways Limited,1
Kasthamandap Airlines,1
Kata Transportation,1
Katekavia Airline,1
Kavatshi Airlines,1
Kazakhstan border guard service,1
Kazakhstan Border Guards,1
Kelowna Flightcraft Air Charter,1
Kenting Air,1
Kenya Air Force,1
Junction City Fire Department,1
Japanese Air Force,1
Japanese Air Self-Defence Force,1
Johnson Flying Service,1
Jordan International Airlines,1
JS Air,1
Ju Air,1
Jet Avia Charter,1
Jet One Express,1
Jet Pro,1
Japan Air Self Defense Force,1
Japan Air Self-Defence Force,1
Japan Aviation Corporation,1
Island Express Helicopter Service,1
Islands of the Bahamas Inc,1
Israel  Air Force,1
Israel Air Force,1
Japan Air / Japan Flying School,1
Itek Air,1
Jack Harter Helicopters,1
Iran Aseman Airlines,1
Iran Asseman Airlines,1
Indian Airlines/Alliance Airlines,1
Iraqi Airways,1
IrAvia,1
IRS Aero,1
Indian National Airways,1
Indian Navy,1
Islamic Revolution's Guards Corps,1
Interior Airways,1
Inter-Island,1
Interisland Airlines,1
International Air Freight,1
International Control Commision,1
Interocean,1
Interstate Airlines,1
Inuvik Coastal Airways,1
Invicta International Airlines (UK),1
Indonesian Army,1
Indonesian Police,1
Inex Adria Aviopromet,1
Inex Adria Aviopromet (Yugoslavia),1
Inex Adria Aviopromet / British Airways,1
Interamericana de Aviacion,1
Intercontinental de Aviacion,1
Kodiak Western Alaska Airlines,1
Kogalmavia,1
Komala Air,1
Komi Avia,1
LANC Colombia,1
Lancashire Aircraft Corporation (Skyways),1
Lao Cathay Airlines,1
Lao People's Liberation Army Air Force,1
Laoag International Airlines,1
Laos Air,1
Laos Air Force,1
"LAPA, Lineas Aereas Privadas Argentinas",1
Lao Airlines,1
Laser Aereo Colombia,1
L'ArmÃƒÂ©e de L'Air,1
Lina Congo,1
Linea AÃƒÂ©rea Mexicana de Carga,1
Linea AÃƒÂ©rea Nacional,1
Linea Aerea Nacional de Chile,1
Lauda Air,1
Laurentian Air Services,1
Lebanese International Airways,1
Leeward Islands Air Transport,1
L'Express Airlines,1
Liard Air,1
Liberty Helicopter Sightseeing Tours / Private,1
Liberty Helicopters,1
Libya Arab Airlines,1
Libyan Air Cargo,1
Lider Air Taxi,1
LifeNet,1
LAC Columbia,1
LACOL,1
LACSA,1
LADE,1
Ladeco,1
LÃƒÂ­neas AÃƒÂ©reas Suramericanas,1
Lake Central Airlines,1
Lake Havasu Air,1
Lambair,1
LAMIA Bolivia,1
Kranoyarskie Vozhjushnye Trassy,1
Krasnoyarsk Airlines,1
Krasnoyarskie Avialinii,1
Kuban Airlines,1
Kuwait Air Force,1
Kuwait Airways,1
L & J Company,1
La Tecoere Company,1
Labradore Airways,1
Kenyan Air Force,1
Khalatyrka,1
Khors Aircompany,1
Kiev Production Association,1
Kirghizia Aba Zaoldoru,1
Kisangani Airlift,1
Kish Airlines,1
KLM Cityhopper,1
KLM Royal Duch Airlines,1
Knowles Flying Service of Detroit,1
Knight Air,1
Kalinin,1
Kam Air,1
Kamchatavia,1
Kamchatka Airlines,1
Kansas City Southern Skyways,1
Kappel-Van Eyck Airways,1
Mozambique Airline,1
Munz Northern Airlines,1
Mustang Aviati,1
Mustique Airways,1
My Cargo Airlines (ACT Airlines),1
Myanmar Air Force,1
Nacional de Aviacion,1
Naftogaz,1
Nahanni Air Services,1
NARZ,1
Naske Air,1
Nationair (chartered by Nigeria Airways),1
Mongolian Defense Ministry,1
Monmouth Airways,1
Morton Air Services,1
Moskovia Airlines,1
Mountain Air Cargo,1
Mountain Lifeflight,1
Moldovan Aeriantur-M Air Cargo,1
Monarch Aviation,1
Million Air,1
National Airways,1
National Helicopters,1
National Parks Airways,1
Nationwide Air Transport,1
Naure Air,1
Navegacao Aerea Brasileira,1
Navy,1
Necon Air,1
Nepal Airlines,1
New  York Helicopter,1
New England Airlines,1
New England Airways,1
New England Aviaiton,1
New Guinea Air Traders,1
New Standard Airlines,1
Mid Continent Airlines,1
Mid Pacific Air,1
Middle States Airlines,1
Midwest Express,1
Military -Fuerza Aerea Colombiana,1
MMM Aero Services,1
Mineral County Airlines,1
Minerva Airlines,1
Ministerstvo Obshchestvo Mashinostroyeniya,1
Misair,1
Maryland State Police,1
MASwings,1
Meteor Air,1
Metro Air Systems,1
Metro Cargo,1
Metrojet,1
Mavrik Aire Transport,1
Med-Trans Corporaion,1
Mercer Airlines,1
Mercury Aviation,1
Mercy Air Services,1
Marsland Aviation,1
Marco Zero Air Taxi,1
Marine Airways,1
Mango Airlines,1
Maniema Union (owner Victoria Air),1
Manila Aero Transport System,1
Mannin Airways,1
Manunggal Air,1
Manx2,1
ManacÃƒÂ¡ TÃƒÂ¡xi AÃƒÂ©reo,1
Manchurian Air Lines,1
Malindi Air Services,1
LOT,1
Malaysian Air Force,1
MALERT,1
Malert Airlines,1
Lufthansa Cargo Airlines,1
Lufthansa Cityline,1
Luftwaffe,1
Lumbini Airways,1
Luxair,1
Lybian Arab Air Force,1
Mabuhay Airways,1
Mac Roberston-Miller Airlines,1
Mac Robertson Miller Airlines,1
Macchi,1
Macedonian Air Force,1
MacRobertson Miller Airlines,1
Madagascar Air Force,1
Maddux Airlines,1
Magistralnye Avialinii,1
Magyar Legiforagalmi,1
Mainline Aviation,1
Majestic Air Cargo,1
Majuba Aviation,1
Lone Star Airlines,1
Lloyd Aereo Colombiano,1
Lloyd Aero Boliviano,1
Lloyd Aero Boliviano SA,1
Lockheed AC-130H Hercules,1
Lineas Aereas Suramericanas,1
Lineas Aereas Unidas,1
Lineas Areas del Centro,1
Lineas Areas Unidas,1
Lineas Areas Venezolanas,1
Lionair,1
Living Water Teaching Ministries Charter,1
Linjeflyg,1
Lineas AÃƒÂ©reas Sud Americana,1
Lineas AÃƒÂ©reas Suramericanas,1
Lineas Aereas,1
Lineas Aereas Comerciales,1
Lineas Aereas de Angola,1
Lineas Aereas de Espana/Spantax SA Transportes,1
Lineas Aereas del Caribe,1
Lineas Aereas Mineras,1
Lineas AÃƒÂ©reas Mineras,1
Linea Expresa Bolivar,1
Lineas AÃƒÂ©reas Brasil,1
Lineas AÃƒÂ©reas Cave,1
Lineas AÃƒÂ©reas Costarricenses,1
Lineas AÃƒÂ©reas Costarricenses  LACSA,1
Lineas AÃƒÂ©reas Interpolar,1
Paraense Transportes Aereos,1
Parajump air show,1
Paramount Airlilnes,1
Parsa,1
Partnair,1
PAS,1
Pathet Lao Airlines,1
Patuxent Airways / Private,1
Paukn Air,1
Pavair,1
Pel Air,1
Panair do Brasil SA,1
Panair do Brazil,1
Panama Airways,1
Papillon,1
Papillon Grand Canyon Helicopters of Las Vegas,1
Paradise Airlines,1
Paradise Tour Helicopters,1
Pan African Airlines,1
Pan American Airways (Scadta),1
Palair Macedonian,1
Palwaukee,1
Pamir Airlines,1
Pakistan Airways,1
Pacific Southwest Airlines / Private,1
Page Airways,1
Pakair,1
Philippine Air Express,1
Petroleum Helicopters Inc,1
Petrolium Helicopter,1
Petropavlovsk-Kamchatsky Air Enteprise,1
PetroproducciÃƒÂ³n,1
PHI Air Medical,1
Pinnacle Airlines/Northwest Airlink,1
Pioneer Airlines,1
Piquiatuba Taxi Aereo,1
Plane Sailing,1
Planemasters,1
PMT Air,1
Points North Air Services,1
Peruvian Army Aviation,1
Peruvian Naval Aviation,1
Peoples Air Force,1
People's Liberation Army,1
Perimeter Airlines,1
Permaviatrans,1
Perris Valley Aviation,1
PenAir,1
Peninsular,1
Pennsylvania Airlines,1
Pan American World Airways / KLM,1
Pan International,1
Pan Malaysian Air Transport,1
Nuna Air,1
Nurnberger Flugdienst,1
Nusantara Buana Air,1
Ocean Airlines,1
Oefag Flugdienst,1
Oeste Linhas Aereas,1
Ohana Helicopter Tours,1
Okada Air,1
Okanagan Helicopters,1
Northwest Airways,1
Niger Air Force,1
Olympic Aviation,1
Omniflight Helicopters,1
One-Two-Go Airlines,1
Ontario Hydro,1
Onzeair,1
Orient Air System and Integrated Services,1
Oriental Airlines,1
Ornge Air Ambulance,1
Overseas National Airways,1
Overtec Company,1
Ozark Air Lines,1
Ozark Air Lines / Private,1
Pacific Air,1
Pacific Northern Airlines,1
Pacific Overseas Airways,1
Pacific Airways,1
Pacific Alaska Air Freight,1
Pacific Alaska Airlines,1
Nile Delta Air Services,1
NLM (Nederlandse Luchtvaart Maatschappij),1
NOAR Linhas AÃƒÂ©reas,1
Nordair,1
Nordchurchaid,1
Northern Air Cargo,1
Northern Executive Aviation,1
Northern Illinois Flight Center,1
Northern Wings,1
Northwest Airlines,1
Northwest Airlines/ Northwest Airlines,1
National Air Operators,1
National Air Transport Services,1
NewCal Aviation,1
NHR TÃƒÂ¡xi-AÃƒÂ©reo,1
Nordeste Linhas Aereas,1
Norilsk Flight Company,1
Norte Jet TÃƒÂ¡xi AÃƒÂ©reo,1
North Bay Charter,1
North Canada Air,1
North Central Airlines,1
North Central Airlines / Air Wisconsin,1
North Central Airlines / Private,1
North Coast Aviation,1
North Continental Airlines (Robin Airlines),1
North East Bolivian Airways,1
North Pacific Airlines,1
North Queensland Airways,1
North Sea Aerial and General Transport,1
North Star Air Cargo,1
North Western Air Transport,1
Sabeni,1
Sadai,1
SADELCA,1
Sadia,1
SAESA,1
Sahara,1
Saint Lawrence Airways,1
Safari Express Cargo,1
Safe Air Cargo,1
Safe Air Complany,1
Saha Air,1
"Russian, cargo",1
Rutaca Airlines,1
Rutas AÃƒÂ©reas Nacionales SA,1
Rutas Internacionales Peruanes,1
Rwanda Government,1
Rwandair,1
Ryan Air Services,1
Ryan Blake Air Charter,1
Ryan International Airlines,1
SA Airlink,1
SA Amazonica,1
RRC Air Service,1
Rubner Flying Service,1
Ruiban & Duran Compania AÃƒÂ©rea,1
Rumo Notre Air Taxi,1
RusAir Airlines,1
Russ Air Transport Company,1
Russian Air Force/Uzbekistan Airways,1
Russian Army,1
Russian Ministry of Interior,1
SAMSA,1
SAN Ecuador,1
Sankuru Air Service,1
SANSA,1
Santa Barbara Airlines,1
Saratov Airlines,1
Sarit Airlines,1
Sasco Air Lines,1
Saskatchewan Government Northern Air Operations,1
Salvadoran Air Force,1
Saudi Arabian Airlines / Kazakhstan Airlines,1
Saudi Arabian Royal Flight,1
Savannair,1
Sea Airmotive,1
Seair Seaplanes,1
Seattle Air Charter,1
SeaWind Aviation,1
Security Air,1
Scandinavian Airlines (SAS) / Private,1
Scarta,1
SCAT Air,1
Scenic Air Lines,1
Scenic Air Tours,1
Scenic Airlines,1
Scibe Airlift Cargo Zaire,1
Scoala Superioara de Aviatie Civla,1
President Airlines,1
Prestige Airlines (Cargo) Charter,1
Price Aircraft Company,1
Phoenix Airlines,1
Phoenix Aviation,1
Pickwick Airways,1
Private KNBC Los Angeles,1
Procuradoria General de la Republica,1
ProcuradurÃƒÂ­a General de la RepÃƒÂºblica,1
Professional Aviation Services,1
Promech Air,1
Propair,1
Proteus Air / Private,1
Provincial Airlines,1
PT Air Regional,1
Ptarmigan Airways,1
Pulkovo Airlines,1
Pulkovo Aviation Enterprise,1
Purdue Reasearch Foundation,1
Regional Airlines,1
Regional Compagnie Aerienne Europeenne,1
Renan Airways,1
REAL Transportes Aereos,1
Red Wings Airlines,1
Rediske Air,1
Reeder Flying Service,1
Reeve Aleutian Airlines,1
Reeve Aleutian Airways,1
RÃƒÂ©seau AÃƒÂ©rien Interinsulaire,1
Rainbow King Lodge,1
RAM,1
Polyarnya Aviatsiya,1
Royal Hellenic Air Force,1
Royal Air Laos/PENAS,1
Royal Airship Works,1
Royal Netherlands East Indies Air Force,1
Royal Netherlands Naval Air Service,1
Royal Norwegian Air Force,1
Royal Lao Air Force,1
Royal Lesotho Defence Force,1
Royal Moroccan Air Force,1
Rimouski Airlines,1
Rinaldo Piaggio,1
Robinson Airlines,1
Rocky Mountain Airways,1
Romainian Air Force,1
Romanian Banat Air,1
Rotorcraft Leasing Co,1
Rousseau Aviation,1
Rovos Air,1
Resort Airlines,1
Reynolds Airways,1
Rhodesian Air Services,1
Richmor Aviation,1
Rico Linhas Aereas,1
Rico Taxi AÃƒÂ©reo,1
Rico Taxi Aero,1
TRACEP Congo Aviation,1
Trafik-Turist-Transportflyg,1
Tranair,1
Trans Air Cargo,1
Trans Air Services,1
Tiramavia,1
Titan Airways,1
TMK Air Commuter,1
Toa Domestic Airline (Japan),1
Total  Air Lines,1
TPI International Airways,1
Tararstan Airlilnes,1
Thai Army,1
Thai International,1
TARS,1
Tartarstan Airlines,1
Tashkent Aircraft Production Corporation,1
TASSA,1
TAUSA,1
Trans International Airlines,1
Trans Isle Air,1
Trans Luxury Airlines,1
Trans Canada Air Lines / RCAF,1
Trans Caribbean Airways,1
Trans Colorado AL / Continental Express,1
Transaereo 5074,1
Trans World Airlines / Eastern Air Lines,1
Taxi Aereo de Santander,1
Team Air,1
Techint  group,1
Temsco Airlines,1
Tentara Nasional Indonesia Navy,1
Tepper Aviation,1
Texas International Airlines,1
TAP (Air Portugal),1
TAPSA,1
Taquan Air Service,1
TAR,1
TAN Honduras,1
TanaMana Aviation,1
TANS,1
TANS Airlines,1
TANS Peru,1
Tanzania Aviation,1
TAMPA Colombia,1
TAMU,1
TAM Paraguay,1
Talia Airways,1
Taliban Militia,1
Taiwan Aviation,1
TAM (Peru),1
TAM (Transportes Aereos Militares),1
Ukraine Aviation Transport Company,1
Ukranian-Mediterranean Airlines,1
Ukvozduchput,1
Uni Air,1
Unified Yemen Air Force,1
Union AÃƒÂ©romaritime de Transport,1
Transoriente Colombia,1
Transpolar,1
Transport Aerien Intercontinentaux (France),1
Transport Arien Transregional,1
Transporte Aereo Federal,1
Transportes AÃƒÂ©reos de Timor,1
Turkish Airlines THY,1
Turkish Army (NATO),1
Turuhan Avia,1
TVPX Aircraft Solutions,1
Two Taxi Aero,1
Tyee Airlines,1
Tyumen Aviatrans,1
Uganda Airlines,1
Ukraine Air Alliance,1
Union des Transports Aeriens de Guinee,1
Transaven,1
Transaviaexport Airlines,1
United Express,1
United Express  / Private,1
United Nations,1
United Nations Charter,1
United Nations Mission,1
United Parcel Service,1
United Parcel Service- UPS,1
Transportes AÃƒÂ©reos Salvador,1
Transportes Aereos del Caribe,1
Transportes Aereos Mexicanos,1
Transportes Aereos Nacionales,1
Transportes Aereos Orientales,1
Transportes Aereos Pegaso,1
Transportes Aereos Peruanos,1
Transportes Areos Nacionales,1
Transportno Aviatsionno Bulgaro-Soviet Obshchestvo,1
Transporturile Aeriene Romane (TAROM),1
Transporturile Aeriene Romano-Sovietice,1
TriCoastal Air,1
Tropical Airways,1
TsAGI,1
Tundra Copters,1
Tuninter,1
Tura Air Enterprise,1
Turkish Air Force,1
Turkish Air ForceC-47,1
Turkish Airlines,1
Transamerican Air Transport,1
Transamerican Airlines,1
Transasia,1
Transair Sweden,1
Transamazonica,1
Transair,1
Trans-Canada Air Lines,1
Transcontinental,1
Transcontinental &Western Air,1
Transfair,1
Trans-Luxury Airlines,1
Transmandu,1
Transmeridian Air Cargo,1
Transniugini Airways,1
Sudania Air Cargo,1
SUDENE,1
Sukhoi,1
Summit Air,1
Summit Air Charters,1
Sun Way,1
Sunbird Aviation,1
Sundance Helicopters,1
Sunflower Airlines,1
Suomen Urheiluilmailijat,1
Superior Aviation,1
Surinam Airways,1
Survair,1
Svedijos PrekÃƒÂ©s,1
Svenska Aero,1
Swan Aviation,1
Swedish Air Force,1
Swifair,1
TAG Airlines,1
Syrian Air Force,1
TACA International Airlines,1
TACV-Cabo Verde Airlines,1
Tadair,1
Syrian Arab Airlines,1
T & G Aviation,1
TAA,1
TABSO,1
TAC Colombia,1
Strait Air,1
Straits Air Freight Express,1
Strato Freight,1
Stratofreight,1
Spartan Air Services,1
Speed Service Couriers,1
Spencer Airways / Ceskoslovenske Aerolinie,1
Spokane Airways,1
Sri Lankan Air Force,1
STAAP,1
Staer Air,1
Standard Airlines,1
STAP,1
Star Aviation,1
Starair,1
Starways,1
Starwood Management LLC,1
STASA,1
State Airlines,1
Stavropol Airlines,1
Southwest Airlift,1
Southwest Airways,1
Soviet Navy,1
Sowind Air,1
Spair Air Transport,1
Spanair,1
Spanish Air Force,1
Southern Cross Airways,1
SL Aviation Services,1
Sosoliso Airlines,1
Skyline Sweden,1
Skyline Transportation Company,1
Skylink Airlines,1
Sierra Pacific Airlines,1
Silk Way Airlines,1
SilkAir,1
Skyvan Airways,1
Skyward International Aviation,1
Sepahan Airlines,1
Slovak Air Force,1
Smoky Mountain Helicopters,1
Snow Valley Ski Lines,1
Sobelair SA (Belgium),1
SociÃƒÂ©tÃƒÂ© Auxiliare de Navigation AÃƒÂ©rienne,1
SociÃƒÂ©tÃƒÂ© de Transports AÃƒÂ©riens,1
Societa Aerea Mediterranea,1
Societa Anonima Aero Expresso Italiana,1
SocietÃƒÂ  Aerea Teseo,1
Societe Aerienne du Littoral,1
Societe Alpes Provence,1
Societe France Hydro,1
Societe Indochinoise de Raviteillement,1
Societe Indochinoise de Transport Aeriens,1
Societe Transatlantique Aerienne,1
Socotra,1
SOL Lineas Aereas,1
Soldotna Air Services,1
"South African Airways, leased from British Overseas Airways",1
South Airlines,1
South Central Airlines,1
South Pacific Island Airways,1
Southcentral Air,1
Southeast Airlines,1
Southern Air Transport,1
Servicio AÃƒÂ©reo Panini,1
Servicio Aereo Columbiano / SCADTA,1
Servicio Aereo Manchupo,1
Servicio Aereo Nacional,1
Servicio Expresso Nacional,1
Servicios AÃƒÂ©reos Boliviano,1
Servicios AÃƒÂ©reos Cochabamba,1
Servicios AÃƒÂ©reos Especiales,1
Servicios Aereas Virgen de Copacabana,1
Servicios Aereos Martinez Leon,1
Servicios Aereos Nacionales,1
Servicios Aereos Nacionales Airways,1
Servicios Aereos Santa Ana,1
Servicios Aeronauticos Sucre (SASCA),1
Servicios Americanos,1
Simmons Airlines,1
Singapore Airlines,1
Sita Air,1
Sky Cabs,1
Sky Dive New Zealand,1
Sky Executive Air Services,1
Sky Train Air,1
Skycraft Air Transport,1
skydiving,1
Shangri La Air,1
Shanxi Airlines,1
Shell Co of Ecuador,1
Shelter Cove Sea Park,1
Siamese Airways,1
Sibir (S7),1
SELVA Colombia,1
Selva Taxi Aero,1
SEMAF,1
Sempati Air,1
VOTEC / VOTEC,1
Walcot Air Line,1
Wasa Wings,1
Wasaya Airways,1
Weasua Air Ttansport,1
Wedell-Williams Air Service Corporation,1
Wehite Cap Aviation,1
Wenela Air Services,1
West African Airways,1
West Air Sweden,1
West Australian Airways,1
Viking Air Transport,1
Village Airways,1
Vincent Aviation,1
Virgin Islands Airways,1
Vladivostokavia,1
Vnokovo Airlines,1
Vnukovo Airlines,1
Volare Aviation Enterprise,1
Volga Air,1
Volga-Avia Express,1
Volga-Dnepr Airlines,1
Vologodskiye Airlines,1
Vostok Aviakompania,1
Vertical-T Air,1
VIARCO,1
Victoria Air,1
Victoria Airlines,1
Vehu Akat,1
Venezolana,1
Venezolana Internacional de Aviacion,1
USA Jet Airlines,1
Varney Airlines,1
VASP / Private,1
Universal Airways,1
United Airways of New Zealand,1
United Air Services,1
University of Michigan Health System,1
Uralex,1
Urcupina,1
Uruguayan Air Force,1
US Airlines,1
US Airways,1
US Airways Express,1
Uzu Air,1
Valan International Cargo Charter,1
Valley Air Service,1
ValuJet,1
US Marine Air Corps,1
US Air Express/Air Midwest,1
USAir / Skywest Airlines,1
US-Bangla Airlines,1
USMC,1
USN,1
UTA,1
UTAir,1
UTAir Airlines,1
Yemeni Arm,1
Yemenia Airway,1
Wien Air Alaska,1
Zakavia,1
Zambia Air Force,1
YPF,1
YPFB Transportes Aereos,1
Zanex,1
Zantop International Airlines,1
Zimbabwe Air Force,1
Whyalla Airlines,1
West Coast Air,1
Western Helicopter,1
Western Straits Air,1
Westwing,1
Vietnam People's Army Air Force,1
Venezuelan National Guard,1
West German Air Force,1
West Wind Aviation,1
Westair Transport,1
Wigmo,1
Wilson Airways,1
Wimbi Dira Airways,1
Win Win Aviation,1
Winchester Air,1
Wings Ltd,1
Wings West Airlines / Private,1
Winship Air,1
WNBC,1
Wyoming Air Service,1
XL Airways leased from Air New Zealand,1
Yacimientos Petroliferos Fiscales,1
YAK Service,1
Yakutavia,1
Yemen Air Force,1
